,Sentiment,Probability
0,negative,0.2715943103006958
1,positive,0.7284056896993042
